url,name,address,city,state,phone
http://www.valleycitycpa.com/,Results,"100 Central Ave S, Valley City, ND 58072",Valley City,ND,(701) 845-1457
http://www.statestreettax.com/,Results,"1674 15th St W #4, Dickinson, ND 58601",Dickinson,ND,(701) 483-3420
https://splinternetmarketing.com/local-pros/sd/onida/larson-tax-bookkeeping-services/,Results,"114 S Main St, Onida, SD 57564",Onida,SD,(605) 258-2424
http://www.cbaccountingnd.com/,Results,"1760 Market Dr Suite F, Dickinson, ND 58601",Dickinson,ND,(701) 264-8937
https://www.craighansoncpa.com/,Results,"905 James Ave NE, Jamestown, ND 58401",Jamestown,ND,(701) 252-6190
http://julsoncpa.com/,Results,"506 Dakota Ave, Wahpeton, ND 58075",Wahpeton,ND,(701) 642-8146
http://www.hr-pc.com/,Results,"125 2nd Ave W, Dickinson, ND 58601",Dickinson,ND,(701) 483-1122
http://www.storhaugcpa.com/,Results,"502 Main St, Lisbon, ND 58054",Lisbon,ND,(701) 683-5303
https://schwartzcpa.com/,Results,"232 1st Ave E, Dickinson, ND 58601",Dickinson,ND,(701) 483-3800
http://www.dickinsonndcpas.com/,Results,"148 1st St W, Dickinson, ND 58601",Dickinson,ND,(701) 483-1156
https://www.braunbt.com/,Results,"97 E 1st St, Dickinson, ND 58601",Dickinson,ND,(701) 483-1070
https://bankforward.com/tax/,Results,"400 2nd Ave SW Ste 205, Jamestown, ND 58401",Jamestown,ND,(701) 252-2080
https://www.cbaccountingnd.com/,Results,"2000 Schafer St Ste G, Bismarck, ND 58501",Bismarck,ND,(701) 751-1320
https://levorsentax.com/,Results,"211 N Main St, Elgin, ND 58533",Elgin,ND,(701) 584-2354
http://www.hulsingcpa.com/,Results,"25 1st Ave W #120, Dickinson, ND 58601",Dickinson,ND,(701) 483-9697
http://olsontaxservice.com/,Results,"214 Main St E, Mayville, ND 58257",Mayville,ND,(701) 341-0171
http://www.hetcpa.com/,Results,"620 Main Ave, Washburn, ND 58577",Washburn,ND,(888) 602-3020
https://www.benznoreen.com/,Results,"14 N Main St, Bowman, ND 58623",Bowman,ND,(701) 523-5696
http://schauercpa.com/,Results,"111 9th St SW #203, Jamestown, ND 58401",Jamestown,ND,(701) 252-5422
http://brewsterjohnson.com/,Results,"4166 31st Ave S ste 102, Fargo, ND 58104",Fargo,ND,(701) 356-4370
http://www.colsoncpa.com/,Results,"210 Main St, Lisbon, ND 58054",Lisbon,ND,(701) 683-2700
https://www.stepbystepaccounting.com/,Results,,Carson,ND,(701) 404-1252
https://splinternetmarketing.com/local-pros/nd/crosby-1/rosemary-l-tanberg-cpa/,Results,"206 Main St NW #809, Crosby, ND 58730",Crosby,ND,(701) 965-6662
http://www.fritznelsoncpa.com/,Results,"1610 Mill Rd, Grand Forks, ND 58203",Grand Forks,ND,(701) 772-2921
https://cpakka.com/,Results,"5354 42nd St S Ste a, Fargo, ND 58104",Fargo,ND,(701) 280-2232
http://www.strandcpa.com/,Results,"521 Main St #3, Bottineau, ND 58318",Bottineau,ND,(701) 228-5173
http://evergreentaxprep.com/,Results,"3203 32nd Ave S Ste. 105, Fargo, ND 58103",Fargo,ND,(701) 552-9606
https://www.rrvepc.org/members/member/75805,Results,"3029 Brandt Dr S Suite A, Fargo, ND 58104",Fargo,ND,(701) 241-8510
https://www.serhienkocpa.com/,Results,"1006 Park St, Bottineau, ND 58318",Bottineau,ND,(701) 228-3444
https://accountingbyrachel.com/,Results,"1351 Page Dr #210, Fargo, ND 58103",Fargo,ND,(701) 478-2028
https://www.bradymartz.com/,Results,"2257 3rd Ave W, Dickinson, ND 58601",Dickinson,ND,(701) 483-6000
https://www.wr.cpa/,Results,"4220 31st Ave S, Fargo, ND 58104",Fargo,ND,(701) 237-6022
https://www.iver.biz/,Results,"900 20th Ave SW #2, Minot, ND 58701",Minot,ND,(701) 839-2520
http://www.goodhartcpa.com/,Results,"107 12th Ave NE, Mandan, ND 58554",Mandan,ND,(701) 663-4500
http://www.bradymartz.com/,Results,"2257 3rd Ave W, Dickinson, ND 58601",Dickinson,ND,(701) 483-6000
http://www.hagakommer.com/,Results,"204 E Main St, Mandan, ND 58554",Mandan,ND,(701) 663-9345
http://www.eaton-cpa.com/,Results,"1640 E Capitol Ave, Bismarck, ND 58501",Bismarck,ND,(701) 751-7123
