url,name,address,city,state,phone
http://www.statestreettax.com/,Results,"1674 15th St W #4, Dickinson, ND 58601",Dickinson,ND,(701) 483-3420
http://www.hr-pc.com/,Results,"125 2nd Ave W, Dickinson, ND 58601",Dickinson,ND,(701) 483-1122
https://schwartzcpa.com/,Results,"232 1st Ave E, Dickinson, ND 58601",Dickinson,ND,(701) 483-3800
http://www.medoracstore.com/,Results,"200 Pacific Ave, Medora, ND 58645",Medora,ND,(701) 623-4479
http://www.storhaugcpa.com/,Results,"502 Main St, Lisbon, ND 58054",Lisbon,ND,(701) 683-5303
http://www.strandcpa.com/,Results,"521 Main St #3, Bottineau, ND 58318",Bottineau,ND,(701) 228-5173
https://www.billingscountynd.gov/154/Auditor-Treasurer,Results,"495 4th St, Medora, ND 58645",Medora,ND,(701) 623-4484
https://www.billingscountynd.gov/168/Tax-Director,Results,"495 4th St, Medora, ND 58645",Medora,ND,(701) 623-4810
http://www.goodhartcpa.com/,Goodhart & Associates PC,"107 12th Ave NE, Mandan, ND 58554",Mandan,ND,(701) 663-4500
http://www.valleycitycpa.com/,Ludvigson Braun & Co,"100 Central Ave S, Valley City, ND 58072",Valley City,ND,(701) 845-1457
http://www.cbaccountingnd.com/,Results,"1760 Market Dr Suite F, Dickinson, ND 58601",Dickinson,ND,(701) 264-8937
http://www.hulsingcpa.com/,Results,"25 1st Ave W #120, Dickinson, ND 58601",Dickinson,ND,(701) 483-9697
https://www.braunbt.com/,Results,"97 E 1st St, Dickinson, ND 58601",Dickinson,ND,(701) 483-1070
http://www.dickinsonndcpas.com/,Results,"148 1st St W, Dickinson, ND 58601",Dickinson,ND,(701) 483-1156
https://www.conditcpas.com/?utm_source=google&utm_medium=google_business_profile&utm_campaign=website_click,Results,"3491 45th St S, Fargo, ND 58104",Fargo,ND,(701) 237-6364
http://www.ndcpas.org/,Results,"3100 S Columbia Rd #500, Grand Forks, ND 58201",Grand Forks,ND,(701) 775-7111
https://www.wr.cpa/,Results,"4220 31st Ave S, Fargo, ND 58104",Fargo,ND,(701) 237-6022
https://www.balancecpa.com/,Results,"4809 38th St S Ste 101, Fargo, ND 58104",Fargo,ND,(701) 365-0319
http://www.bradymartz.com/,Results,"2257 3rd Ave W, Dickinson, ND 58601",Dickinson,ND,(701) 483-6000
https://www.benznoreen.com/,Results,"14 N Main St, Bowman, ND 58623",Bowman,ND,(701) 523-5696
http://www.galleonfinancial.com/,Results,"3721 114th Ave SW, Dickinson, ND 58601",Dickinson,ND,(701) 225-1613
https://www.bradymartz.com/,Results,"2257 3rd Ave W, Dickinson, ND 58601",Dickinson,ND,(701) 483-6000
http://brewsterjohnson.com/,Results,"4166 31st Ave S ste 102, Fargo, ND 58104",Fargo,ND,(701) 356-4370
https://www.cbaccountingnd.com/,Results,"2000 Schafer St Ste G, Bismarck, ND 58501",Bismarck,ND,(701) 751-1320
http://www.merkelcpa.com/,Results,"101 Main St, Ellendale, ND 58436",Ellendale,ND,(701) 349-1040
https://levorsentax.com/,Results,"211 N Main St, Elgin, ND 58533",Elgin,ND,(701) 584-2354
http://www.haleyjevans.com/,Results,"611 Main St, Scranton, ND 58653",Scranton,ND,(701) 275-2856
https://wscpas.us/,Results,"4048 53rd Ave S, Fargo, ND 58104",Fargo,ND,(701) 540-0014
https://www.oncpas.com/,Results,"200 1st Ave N #20, Grand Forks, ND 58203",Grand Forks,ND,(701) 746-0437
https://www.eidebailly.com/locations/fargo,Results,"4310 17th Ave S, Fargo, ND 58103",Fargo,ND,(701) 239-8500
https://www.hertaxgps.com/,Results,,Medora,ND,(701) 707-1525
